response_id	X103e69c2_answers	X7a10555e_answers
ACYDBNh5anwjnKXjVUMA6E0yxnwEIZYhatDkyAMppk3k4gITBFhwdDEbL6GldJjNPigPH8s	Here's another really cool response. Your mind is blown.	Option B
ACYDBNifvH8F3H9as35PWPwQapCyaUyRQnXiv2HFOXV1oeTyxAuj77-JJk5eMYkCNSNYZZs	Here's some more words	Option A
ACYDBNh5anwjnKXjVUMA6E0yxnwEIZYhatDkyAMppk3k4gITBFhwdDEbL6GldJjNPigPH8s	Here's another really cool response. Your mind is blown.	Option B
ACYDBNifvH8F3H9as35PWPwQapCyaUyRQnXiv2HFOXV1oeTyxAuj77-JJk5eMYkCNSNYZZs	Here's some more words	Option A
